Leniwie, ręcznik,zabawny,las,samochody,anioł,
robot,motyl,zając,gracz,domki,mosty,kurka,myszka,
budzik,laptop,szalik,roboty,narzut,balony,telefon,komputer,
przyjaciel,matematyka,galeria,zabawka,informatyka,wieczór,śmietka,
jabłko,kwiaty,leniwie,aniołek,torebka,kochanie,wycieczka,zabawny,naprawdę,
samochody,artykuł,elektryczność,ręcznik,przeciwnik,informatyka,dokument,przewodnik,
matematyczny,analiza,kot,dom,las,sen,rok,tor,gra,tak,nie,bar,pies,data,rama,lama,pani,
tort,auto,dome,leże,domowy,wysoka,książka,czekać,wschód,morze,nocny,pustynia,piękno,prawda,
wiatr,ognisko,mieszkać,magiczne,jezioro,latać,góra,wiosna,zima,kolor,piękny,smutek,radość, miłość ,
przyjaźń,zabawka,dziecko,szczęście,kwiat,natura,zdrowie,kultura,muzyka,sztuka,obraz,księżyc,słońce,
planeta,gwiazda,kosmos,przygoda,odwaga,sukces,wiedza,nauka,technologia,energia,czas,historia,wspomnienie
,miasto,wieś,ogród,dom,zamek,most,wiadukt,wieża,droga,szosa,jezioro,rzeka,wyspa,państwo,kraj,stolica,człowiek,
rodzina,przyjaciel,brat,siostra,mama,tata,dziadek,babcia,dziecko,szkoła,klasa,nauczyciel,lekcja,nauka,studia,książka,
biblioteka,muzeum,teatr,film,galeria,wystawa,sport,gra,trening,zawody,piłka,narty,rower,pływanie,bieganie,taniec,muzyka,głos,
melodia,rytm,fortepian,głębia,pieśń,koncert,orkiestra,muzyczny,instrument,gitarzysta,wokalista,solista,pianista,klarnet,trumpet
,skrzypce,smyczek,muzyka,artysta,aktor,scena,rola,reżyser,scenariusz,teatr,przedstawienie,dramat,komedia,film,kino,repertuar,
krytyk,recenzja,czarna,biała,szara,zielona,czerwona,niebieska,purpurowa,złota,srebrna,pustynna,suchy,deszczowy,burzowy,
mglisty,ciepły,chłodny,zimny,gorący,pogodny,wietrzny,spokojny,tajemniczy,magiczny,fantastyczny,historyczny,
przyszłościowy,przeszły,naturalny,mechaniczny,elektroniczny,sztuczny,praktyczny,skuteczny,innowacyjny,
kreatywny,efektywny,energetyczny,sprawny,szybki,dokładny,wiarygodny,bezpieczny,pełny,niesamowity
,cudowny,wyjątkowy,niespotykany,niezwykły,szczególny,unikalny,oraz,powietrze,ziemia,oceanu,
plaży,wszystko,piekna,maz,zima,kwiat,natura,zdrowie,kultura,muzyka,sztuka,obraz,
gwiazda,kosmos,przygoda,odwaga,sukces,wiedza,nauka,technologia,energia,czas,
historia,wspomnienie,miasto,ogród,dom,zamek,most
aaa aca aba
